Check,Status
Docker Compose Configuration,PASS
Production Configuration,PASS
API Image Build,PASS
Read-Only Model Mount,PASS
Read-Only Data Mount,PASS
Container Startup,PASS
Production Preflight,PASS
Health Endpoint,PASS
Readiness Endpoint,PASS
Production Inference,PASS
Prediction Consistency (1e-12),PASS
Candidate B Isolation,PASS
Target Leakage Protection,PASS
Fail-Closed CORS,PASS
Fail-Closed Preflight,PASS
Graceful Shutdown,PASS
Model Immutability,PASS
Dataset Immutability,PASS
Manifest Immutability,PASS
